ID,Bug Line,Explanation
16,1,"Line 1: rdi.smartVec().vecEditMode(TA::VECD); should be rdi.smartVec().vecEditMode(TA::VTT). Evidence: CONTEXT mentions ""mode for editing vectors at runtime"" and DOCS state that for runtime editing vectors, TA::VTT mode should be used when different vectors in the same label are to be edited."
32,"2,5","Line 2: rdi.port(""pt1"").dc().pin(""dig2"").vForce(1 uA).burst() should be rdi.port(""pt1"").dc().pin(""dig2"").vForce(1 uA).execute(). Evidence: DOCS state that ""Code-based commands can contain default settings if the related parameters have not been specified. The default settings are applied in each separate command (.execute())."" This implies that .execute() should be used instead of .burst() for code-based commands. Line 5: rdi.port(TA::MULTI_PORT).func().burst(""MPBurst1"").burst() should be rdi.port(TA::MULTI_PORT).func().burst(""MPBurst1"").execute(). Evidence: CONTEXT states that ""This function allows multi-port labels to be combined to form a new burst. It is used for dynamic mode in the func() class only."" and DOCS provide examples where .execute() is used after .burst() for functional tests."
25,6,"Line 6: rdi.protocol().pname(""i2c"").write(0x4,""data"").execute(); should be rdi.protocol().write(""data""). Evidence: The CONTEXT suggests that rdi.protocol().write() should write data at runtime, and the DOCS state that the write function can take a string containing the data to write at runtime. The provided code includes an address (0x4) which is not necessary according to the CONTEXT and DOCS."
10,"2,4","Line 2: rdi.pmux(4).module(""02"").readHumanSeniority().execute(); should be rdi.pmux(4).module(""02"").readHumidity().execute(). Evidence: CONTEXT mentions ""Reads the actual measured humidity of the selected PMUX card from the hardware"". Line 4: int hum = rdi.id(4).getHumanSeniority(""02""); should be int hum = rdi.id(4).getHumidity(""02"");. Evidence: CONTEXT mentions ""Reads the actual measured humidity of the selected PMUX card from the hardware"" and the function name getHumanSeniority does not match the context, it should be getHumidity."
26,"5,9","Line 5: .addWaveform(wav3, 2) should be .addWaveform(wav3). Evidence: CONTEXT states ""rdi.dc().addWaveform() Adds one or more waveforms in an execute() operation."" which implies that addWaveform() does not take a second argument. Line 9: .addWaveform(wav2, 3) should be .addWaveform(wav2). Evidence: Same as above, CONTEXT states that addWaveform() does not take a second argument."
23,"7,9,13,17,21","Line 7: rdi.smartVec(""id"").burstUpload().begin(); should be rdi.smartVec(id1).burstUpload().begin(); because the pin name ""id"" does not match with the pin names used in subsequent smartVec operations (id1, id2, id3, id4). Evidence: CONTEXT mentions that burstUpload will help to reduce the result uploading time and the results of multiple smartVec read commands. Line 9: rdi.smartVec(id1) should be rdi.smartVec(""id"") because the pin name ""id1"" does not match with the pin name ""id"" used in the burstUpload.begin() operation. Evidence: CONTEXT mentions that burstUpload will help to reduce the result uploading time and the results of multiple smartVec read commands. Line 13: rdi.smartVec(id2) should be rdi.smartVec(""id"") because the pin name ""id2"" does not match with the pin name ""id"" used in the burstUpload.begin() operation. Evidence: CONTEXT mentions that burstUpload will help to reduce the result uploading time and the results of multiple smartVec read commands. Line 17: rdi.smartVec(id3) should be rdi.smartVec(""id"") because the pin name ""id3"" does not match with the pin name ""id"" used in the burstUpload.begin() operation. Evidence: CONTEXT mentions that burstUpload will help to reduce the result uploading time and the results of multiple smartVec read commands. Line 21: rdi.smartVec(id4) should be rdi.smartVec(""id"") because the pin name ""id4"" does not match with the pin name ""id"" used in the burstUpload.begin() operation. Evidence: CONTEXT mentions that burstUpload will help to reduce the result uploading time and the results of multiple smartVec read commands."
4,3,"Line 3: iClamp(50 mA, -50 mA) should be iClamp(-50 mA, 50 mA). Evidence: The DOCS state that the iClamp function specifies the high and low clamp current for DC Scale pins, and the correct order is low value first, then high value. In this case, the low value is -50 mA and the high value is 50 mA."
31,9,"Line 9: rdi.port(""A"").func(""idd"").burstRunTime(""rt"",200).execute(); uses the ""rt"" label which is not an empty burst label, it should be used with an empty burst label. Evidence: CONTEXT states ""rdi.func().burstRunTime() Creates an empty burst label and specifies the maximum number of labels to be patched."" and DOCS states ""rdi.func().burstRunTime() Creates an empty burst label and specifies the maximum number of labels to be patched."""
17,8,"Line 8: rdi.id(""a"").getFFC() should be rdi.id(""a"").getFFV(). Evidence: CONTEXT mentions getting the first fail vector, and DOCS state that rdi.id().getFFV() is used to get the first fail vector, whereas rdi.id().getFFC() is used to get the first fail count."
27,2,"Line 2: rdi.dc().pin(""DPS_1,DPS_2"").imeasRange(100 uA) uses imeasRange but CONTEXT says it must be iMeasRange. Evidence: CONTEXT quote ""rdi.dc().iMeasRange() Specifies a current measurement range."""
24,3,"Line 3: The pin name in rdi.digCap is ""D0"" but it should be ""DO"" to match the pin name in rdi.id and rdi.getVector. Evidence: The CONTEXT mentions generating a digital capture pattern and the CANDIDATE line suggests the correct pin name should be ""DO"". Additionally, the DOCS provide information on the rdi.id() and rdi.getVector() functions, which use the pin name ""DO"", indicating a mismatch with the pin name ""D0"" in the rdi.digCap() function. It should be rdi.digCap(""cap"").pin(""DO"").samples(100).initDiscard(10).interS;"
14,"3,7,8","Line 3: The pin name ""dig"" might not be the correct pin name for getting alarm DC results, it should be the specific pin name for which alarm DC results are required. Evidence: CONTEXT mentions ""Getting alarm DC results on specific pins"". Line 7: The function getAlarmValue() might not be the correct function to get alarm DC results, it should be getAlarmBurstValue() or a similar function that returns the alarm DC results. Evidence: CONTEXT mentions ""Getting alarm DC results"" and DOCS mention getBurstValue() and getMultiValue() functions. Line 8: The argument ""AVI"" might not be the correct argument for getting alarm DC results, it should be the specific argument that corresponds to the alarm DC results. Evidence: DOCS mention various functions and arguments, but do not explicitly state that ""AVI"" is the correct argument for getAlarmBurstValue()."
9,2,"Line 2: rdi.cogo().wait(100 us) should be rdi.cogo().wait(100, rdi.VECD_US) or similar. Evidence: The CONTEXT mentions ""System-reserved waiting in cogo"" and the CANDIDATES suggest using the VECD mode instead of the default mode, and the time unit should be specified correctly. Additionally, the DOCS state that ""You can put your own rdi.wait() function before cogo().node().end(). If you use rdi.cogo().wait(double) in your code, SmartRDI can check whether this waiting time is long enough for the system-reserved waiting."" This implies that the wait function should be used with a specific mode and time unit."
13,"3,4,5","Line 3: getVesjkctor should be getVector. Evidence: The DOCS mention ""rdi.id().getVector()"" as a valid function, but the code uses ""getVesjkctor"" which is not a valid function. Line 4: getVslkhalue should be getValue. Evidence: The DOCS mention ""rdi.id().getValue()"" as a valid function, but the code uses ""getVslkhalue"" which is not a valid function. Line 5: getWlkjnaveform should be getWaveform. Evidence: The DOCS mention ""rdi.id().getWaveform()"" or ""rdi.id().getVoltageWaveform()"" as valid functions, but the code uses ""getWlkjnaveform"" which is not a valid function."
22,7,"Line 7: The function getTempThresh should be readTempThresh. Evidence: DOCS states ""Function readTempThresh() must be called upfront for the reading the programmed threshold from the hardware into the software cache."" and the correct function call is shown in the example as ""rdi.id(1).readTempThresh(""02"")""."
29,6,"Line 6: rdi.route().retrievePmuxPinStatus(""P0x08F1""); - The pin name ""P0x08F1"" does not match the previously set pin names ""P0x01F1"" and ""P0x07F1"", it should be one of the previously set pins. Evidence: CONTEXT mentions that the code retrieves the status of a pmux switch in both online mode and offline mode, and the previously set pins are ""P0x01F1"" and ""P0x07F1""."
2,"3,4","Line 3: The unit for voltage is not properly defined, it should be 13.5V instead of 13.5 V. Evidence: DOCS states that the unit for voltage should be properly defined. Line 4: The unit for voltage is not properly defined, it should be 13.5V instead of 13.5 V. Evidence: DOCS states that the unit for voltage should be properly defined. Additionally, the unit for current is not properly defined, it should be 5mA or 5e-6A instead of 5 uA. Evidence: DOCS states that the unit for current should be properly defined."
20,1,"Line 1: rdi.digCapBurstSiteUpload(false) should be rdi.digCapBurstSiteUpload(true). Evidence: CONTEXT mentions ""local control over the 'burst site upload' capacity for digital capture results"", and DOCS state that digCapBurstSiteUpload should be set to true to enable this feature."
11,"2,3","Line 2: The iRange() function is missing, it should be included to specify the range for the measurement, for example: rdi.dc().pin(""dig1"").vForce(1).iMeans().iRange(2 mAh).execute(); Evidence: CANDIDATES and DOCS both mention the importance of specifying the range for the measurement using iRange(). Additionally, Line 3 is also missing the iRange() function which is necessary to specify the range for the measurement. The correct code should include iRange() for both lines 2 and 3. Line 2 should be: rdi.dc().pin(""dig1"").vForce(1).iMeans().iRange(2 mAh).execute(); Line 3 should be: rdi.dc().pin(""dig2"").iForce(1 uA).iRange(2 mAh).vMeans().execute(); This is based on the evidence from the DOCS which state that iRange() is necessary to specify the range for the measurement. Therefore, the bug lines are 2 and 3. However, since the confidence is high and the evidence is clear, the bug lines are 2 and 3. The correct answer is: CONFIDENCE: high BUG_LINES: 2,3 EXPLANATION: Line 2 and Line 3: The iRange() function is missing, it should be included to specify the range for the measurement, for example: rdi.dc().pin(""dig1"").vForce(1).iMeans().iRange(2 mAh).execute(); and rdi.dc().pin(""dig2"").iForce(1 uA).iRange(2 mAh).vMeans().execute(); Evidence: CANDIDATES and DOCS both mention the importance of specifying the range for the measurement using iRange()."
3,"4,5","Line 4: The unit of the voltage should be in the format that the API supports, for example 31.0 instead of 31 V. Evidence: DOCS states ""11 vForcevForce((doubledouble dV dV););"" which implies that the voltage should be a double value without the unit. Line 5: The unit of the voltage should be in the format that the API supports, for example 13.5 instead of 13.5 V. Evidence: DOCS states ""11 vForcevForce((doubledouble dV dV););"" which implies that the voltage should be a double value without the unit."
